# FW-EEG-001 partition table -- A/B OTA with rollback (RFQ F-20), 16 MB flash.
# Name,     Type, SubType,  Offset,   Size,     Flags
nvs,        data, nvs,      0x9000,   0x6000,
otadata,    data, ota,      0xf000,   0x2000,
phy_init,   data, phy,      0x11000,  0x1000,
factory,    app,  factory,  0x20000,  0x300000,
ota_0,      app,  ota_0,    0x320000, 0x300000,
ota_1,      app,  ota_1,    0x620000, 0x300000,
calib,      data, nvs,      0x920000, 0x8000,
prov,       data, nvs,      0x928000, 0x8000,
storage,    data, fat,      0x930000, 0x6D0000,
